bf01|ac01|2018|bfg01|app01|Green|18|0|6|1|FALSE|1
bf01|ac01|2018|bfg01|app02|Green|18|0|6|2|FALSE|1
bf01|ac01|2018|bfg01|app04|Green|18|0|6|3|FALSE|1
bf01|ac01|2018|bfg01|app07|Green|18|0|6|4|FALSE|1
bf01|ac01|2018|bfg01|app08|Green|18|0|6|5|FALSE|1
bf01|ac01|2018|bfg01|app09|Green|18|0|6|6|FALSE|1
bf01|ac01|2020|bfg01|app01|Amber|18|0|6|1|FALSE|1
bf01|ac01|2020|bfg01|app02|Green|18|0|6|2|FALSE|1
bf01|ac01|2020|bfg01|app04|Green|18|0|6|3|FALSE|1
bf01|ac01|2020|bfg01|app07|Green|18|0|6|4|FALSE|1
bf01|ac01|2020|bfg01|app08|Green|18|0|6|5|FALSE|1
bf01|ac01|2020|bfg01|app09|Green|18|0|6|6|FALSE|1
bf01|ac01|2022|bfg01|app01|Amber|18|0|6|1|FALSE|1
bf01|ac01|2022|bfg01|app02|Green|18|0|6|2|FALSE|1
bf01|ac01|2022|bfg01|app04|Green|18|0|6|3|FALSE|1
bf01|ac01|2022|bfg01|app07|Green|18|0|6|4|FALSE|1
bf01|ac01|2022|bfg01|app08|Green|18|0|6|5|FALSE|1
bf01|ac01|2022|bfg01|app09|Green|18|0|6|6|FALSE|1
bf01|ac02|2018|bfg01|app03|Green|18|1|2|1|FALSE|1
bf01|ac02|2018|bfg01|app04|Green|18|1|2|2|FALSE|1
bf01|ac02|2020|bfg01|app03|Green|18|1|2|1|FALSE|1
bf01|ac02|2020|bfg01|app04|Green|18|1|2|2|FALSE|1
bf01|ac02|2022|bfg01|app03|Green|18|1|2|1|FALSE|1
bf01|ac02|2022|bfg01|app04|Green|18|1|2|2|FALSE|1
bf01|ac03|2018|bfg01|app05|Green|18|2|1|1|FALSE|1
bf01|ac03|2020|bfg01|app05|Green|18|2|1|1|FALSE|1
bf01|ac03|2022|bfg01|app05|Green|18|2|1|1|FALSE|1
bf01|ac04|2018|bfg01|app06|Green|18|3|1|1|FALSE|1
bf01|ac04|2020|bfg01|app06|Green|18|3|2|1|FALSE|1
bf01|ac04|2020|bfg01|app10|Green|18|3|2|2|FALSE|1
bf01|ac04|2022|bfg01|app06|Green|18|3|2|1|FALSE|1
bf01|ac04|2022|bfg01|app10|Green|18|3|2|2|FALSE|1
bf01|ac05|2018|bfg01|app05|Green|18|4|1|1|FALSE|1
bf01|ac05|2020|bfg01|app05|Green|18|4|1|1|FALSE|1
bf01|ac05|2022|bfg01|app05|Green|18|4|1|1|FALSE|1
bf01|ac06|2018|bfg01|app06|Green|18|5|1|1|FALSE|1
bf01|ac06|2020|bfg01|app06|Green|18|5|2|1|FALSE|1
bf01|ac06|2020|bfg01|app10|Green|18|5|2|2|FALSE|1
bf01|ac06|2022|bfg01|app06|Green|18|5|2|1|FALSE|1
bf01|ac06|2022|bfg01|app10|Green|18|5|2|2|FALSE|1
bf02|ac01|2018|bfg02|app15|Amber|17|0|3|1|FALSE|1
bf02|ac01|2018|bfg02|app16|Green|17|0|3|2|FALSE|1
bf02|ac01|2018|bfg02|app17|Green|17|0|3|3|FALSE|1
bf02|ac01|2020|bfg02|app15|Amber|17|0|3|1|FALSE|1
bf02|ac01|2020|bfg02|app16|Green|17|0|3|2|FALSE|1
bf02|ac01|2020|bfg02|app17|Green|17|0|3|3|FALSE|1
bf02|ac01|2022|bfg02|app16|Green|17|0|3|1|FALSE|1
bf02|ac01|2022|bfg02|app17|Green|17|0|3|2|FALSE|1
bf02|ac01|2022|bfg02|app23|Green|17|0|3|3|FALSE|1
bf02|ac02|2018|bfg02|app11|Green|17|1|1|1|FALSE|3
bf02|ac02|2020|bfg02|app11|Green|17|1|1|1|FALSE|6
bf02|ac02|2022|bfg02|app11|Green|17|1|1|1|FALSE|6
bf02|ac03|2018|bfg02|app11|Green|17|2|1|1|TRUE|2
bf02|ac03|2020|bfg02|app11|Green|17|2|1|1|TRUE|5
bf02|ac03|2022|bfg02|app11|Green|17|2|1|1|TRUE|5
bf02|ac04|2018|bfg02|app11|Green|17|3|1|1|TRUE|1
bf02|ac04|2020|bfg02|app11|Green|17|3|1|1|TRUE|4
bf02|ac04|2022|bfg02|app11|Green|17|3|1|1|TRUE|4
bf02|ac05|2018|bfg02|app14|Amber|17|4|1|1|FALSE|3
bf02|ac05|2020|bfg02|app11|Green|17|4|1|1|TRUE|3
bf02|ac05|2022|bfg02|app11|Green|17|4|1|1|TRUE|3
bf02|ac06|2018|bfg02|app14|Amber|17|5|1|1|TRUE|2
bf02|ac06|2020|bfg02|app11|Green|17|5|1|1|TRUE|2
bf02|ac06|2022|bfg02|app11|Green|17|5|1|1|TRUE|2
bf02|ac07|2018|bfg02|app14|Amber|17|6|1|1|TRUE|1
bf02|ac07|2020|bfg02|app11|Green|17|6|1|1|TRUE|1
bf02|ac07|2022|bfg02|app11|Green|17|6|1|1|TRUE|1
bf02|ac08|2018|bfg02|app13|Green|17|7|2|1|FALSE|1
bf02|ac08|2018|bfg02|app18|Green|17|7|2|2|FALSE|1
bf02|ac08|2020|bfg02|app13|Amber|17|7|2|1|FALSE|1
bf02|ac08|2020|bfg02|app18|Green|17|7|2|2|FALSE|1
bf02|ac08|2022|bfg02|app18|Amber|17|7|2|1|FALSE|1
bf02|ac08|2022|bfg02|app20|Green|17|7|2|2|FALSE|1
bf02|ac09|2018|bfg02|app19|Green|17|8|1|1|FALSE|1
bf02|ac09|2020|bfg02|app19|Amber|17|8|1|1|FALSE|1
bf02|ac09|2022|bfg02|app11|Green|17|8|1|1|FALSE|1
bf03|ac01|2018|bfg02|app21|Amber|16|0|2|1|FALSE|1
bf03|ac01|2018|bfg02|app22|Green|16|0|2|2|FALSE|1
bf03|ac01|2020|bfg02|app21|Amber|16|0|2|1|FALSE|1
bf03|ac01|2020|bfg02|app22|Amber|16|0|2|2|FALSE|1
bf03|ac01|2022|bfg02|app23|Green|16|0|1|1|FALSE|1
bf03|ac02|2018|bfg02|app11|Green|16|1|1|1|FALSE|3
bf03|ac02|2020|bfg02|app11|Green|16|1|1|1|FALSE|6
bf03|ac02|2022|bfg02|app11|Green|16|1|1|1|FALSE|6
bf03|ac03|2018|bfg02|app11|Green|16|2|1|1|TRUE|2
bf03|ac03|2020|bfg02|app11|Green|16|2|1|1|TRUE|5
bf03|ac03|2022|bfg02|app11|Green|16|2|1|1|TRUE|5
bf03|ac04|2018|bfg02|app11|Green|16|3|1|1|TRUE|1
bf03|ac04|2020|bfg02|app11|Green|16|3|1|1|TRUE|4
bf03|ac04|2022|bfg02|app11|Green|16|3|1|1|TRUE|4
bf03|ac05|2018|bfg02|app14|Amber|16|4|1|1|FALSE|3
bf03|ac05|2020|bfg02|app11|Green|16|4|1|1|TRUE|3
bf03|ac05|2022|bfg02|app11|Green|16|4|1|1|TRUE|3
bf03|ac06|2018|bfg02|app14|Amber|16|5|1|1|TRUE|2
bf03|ac06|2020|bfg02|app11|Green|16|5|1|1|TRUE|2
bf03|ac06|2022|bfg02|app11|Green|16|5|1|1|TRUE|2
bf03|ac07|2018|bfg02|app14|Amber|16|6|1|1|TRUE|1
bf03|ac07|2020|bfg02|app11|Green|16|6|1|1|TRUE|1
bf03|ac07|2022|bfg02|app11|Green|16|6|1|1|TRUE|1
bf03|ac08|2018|bfg02|app13|Green|16|7|1|1|FALSE|1
bf03|ac08|2020|bfg02|app13|Amber|16|7|1|1|FALSE|1
bf03|ac08|2022|bfg02|app20|Green|16|7|1|1|FALSE|1
bf03|ac09|2018|bfg02|app12|Amber|16|8|3|1|FALSE|1
bf03|ac09|2018|bfg02|app21|Amber|16|8|3|2|FALSE|1
bf03|ac09|2018|bfg02|app22|Green|16|8|3|3|FALSE|1
bf03|ac09|2020|bfg02|app12|Amber|16|8|3|1|FALSE|1
bf03|ac09|2020|bfg02|app21|Amber|16|8|3|2|FALSE|1
bf03|ac09|2020|bfg02|app22|Amber|16|8|3|3|FALSE|1
bf03|ac09|2022|bfg02|app23|Green|16|8|1|1|FALSE|1
bf04|ac01|2018|bfg03|app21|Amber|15|0|2|1|FALSE|1
bf04|ac01|2018|bfg03|app22|Green|15|0|2|2|FALSE|1
bf04|ac01|2020|bfg03|app21|Amber|15|0|2|1|FALSE|1
bf04|ac01|2020|bfg03|app22|Amber|15|0|2|2|FALSE|1
bf04|ac01|2022|bfg03|app20|Green|15|0|1|1|FALSE|9
bf04|ac02|2018|bfg03|app14|Amber|15|1|1|1|FALSE|7
bf04|ac02|2020|bfg03|app20|Green|15|1|1|1|FALSE|7
bf04|ac02|2022|bfg03|app20|Green|15|1|1|1|TRUE|8
bf04|ac03|2018|bfg03|app14|Amber|15|2|1|1|TRUE|6
bf04|ac03|2020|bfg03|app20|Green|15|2|1|1|TRUE|6
bf04|ac03|2022|bfg03|app20|Green|15|2|1|1|TRUE|7
bf04|ac04|2018|bfg03|app14|Amber|15|3|1|1|TRUE|5
bf04|ac04|2020|bfg03|app20|Green|15|3|1|1|TRUE|5
bf04|ac04|2022|bfg03|app20|Green|15|3|1|1|TRUE|6
bf04|ac05|2018|bfg03|app14|Amber|15|4|1|1|TRUE|4
bf04|ac05|2020|bfg03|app20|Green|15|4|1|1|TRUE|4
bf04|ac05|2022|bfg03|app20|Green|15|4|1|1|TRUE|5
bf04|ac06|2018|bfg03|app14|Amber|15|5|1|1|TRUE|3
bf04|ac06|2020|bfg03|app20|Green|15|5|1|1|TRUE|3
bf04|ac06|2022|bfg03|app20|Green|15|5|1|1|TRUE|4
bf04|ac07|2018|bfg03|app14|Amber|15|6|1|1|TRUE|2
bf04|ac07|2020|bfg03|app20|Green|15|6|1|1|TRUE|2
bf04|ac07|2022|bfg03|app20|Green|15|6|1|1|TRUE|3
bf04|ac08|2018|bfg03|app13|Green|15|7|2|1|FALSE|1
bf04|ac08|2018|bfg03|app14|Amber|15|7|2|2|FALSE|1
bf04|ac08|2020|bfg03|app13|Amber|15|7|2|1|FALSE|1
bf04|ac08|2020|bfg03|app20|Green|15|7|2|2|FALSE|1
bf04|ac08|2022|bfg03|app20|Green|15|7|1|1|TRUE|2
bf04|ac09|2018|bfg03|app12|Amber|15|8|4|1|FALSE|1
bf04|ac09|2018|bfg03|app21|Amber|15|8|4|2|FALSE|1
bf04|ac09|2018|bfg03|app22|Green|15|8|4|3|FALSE|1
bf04|ac09|2018|bfg03|app24|Amber|15|8|4|4|FALSE|1
bf04|ac09|2020|bfg03|app12|Amber|15|8|3|1|FALSE|1
bf04|ac09|2020|bfg03|app21|Amber|15|8|3|2|FALSE|1
bf04|ac09|2020|bfg03|app22|Amber|15|8|3|3|FALSE|1
bf04|ac09|2022|bfg03|app20|Green|15|8|1|1|TRUE|1
bf05|ac01|2018|bfg03|app22|Green|14|0|3|1|FALSE|1
bf05|ac01|2018|bfg03|app25|Green|14|0|3|2|FALSE|1
bf05|ac01|2018|bfg03|app26|Green|14|0|3|3|FALSE|1
bf05|ac01|2020|bfg03|app25|Green|14|0|2|1|FALSE|1
bf05|ac01|2020|bfg03|app26|Green|14|0|2|2|FALSE|1
bf05|ac01|2022|bfg03|app25|Green|14|0|2|1|FALSE|1
bf05|ac01|2022|bfg03|app26|Green|14|0|2|2|FALSE|1
bf05|ac02|2018|bfg03|app25|Green|14|1|2|1|FALSE|1
bf05|ac02|2018|bfg03|app26|Green|14|1|2|2|FALSE|1
bf05|ac02|2020|bfg03|app25|Green|14|1|2|1|FALSE|1
bf05|ac02|2020|bfg03|app26|Green|14|1|2|2|FALSE|1
bf05|ac02|2022|bfg03|app25|Green|14|1|2|1|FALSE|1
bf05|ac02|2022|bfg03|app26|Green|14|1|2|2|FALSE|1
bf05|ac03|2018|bfg03|app25|Green|14|2|2|1|FALSE|1
bf05|ac03|2018|bfg03|app26|Green|14|2|2|2|FALSE|1
bf05|ac03|2020|bfg03|app25|Green|14|2|2|1|FALSE|1
bf05|ac03|2020|bfg03|app26|Green|14|2|2|2|FALSE|1
bf05|ac03|2022|bfg03|app25|Green|14|2|2|1|FALSE|1
bf05|ac03|2022|bfg03|app26|Green|14|2|2|2|FALSE|1
bf05|ac04|2018|bfg03|app25|Green|14|3|2|1|FALSE|1
bf05|ac04|2018|bfg03|app26|Green|14|3|2|2|FALSE|1
bf05|ac04|2020|bfg03|app25|Green|14|3|2|1|FALSE|1
bf05|ac04|2020|bfg03|app26|Green|14|3|2|2|FALSE|1
bf05|ac04|2022|bfg03|app25|Green|14|3|2|1|FALSE|1
bf05|ac04|2022|bfg03|app26|Green|14|3|2|2|FALSE|1
bf05|ac05|2018|bfg03|app25|Green|14|4|2|1|FALSE|1
bf05|ac05|2018|bfg03|app26|Green|14|4|2|2|FALSE|1
bf05|ac05|2020|bfg03|app25|Green|14|4|2|1|FALSE|1
bf05|ac05|2020|bfg03|app26|Green|14|4|2|2|FALSE|1
bf05|ac05|2022|bfg03|app25|Green|14|4|2|1|FALSE|1
bf05|ac05|2022|bfg03|app26|Green|14|4|2|2|FALSE|1
bf05|ac06|2018|bfg03|app25|Green|14|5|2|1|FALSE|1
bf05|ac06|2018|bfg03|app26|Green|14|5|2|2|FALSE|1
bf05|ac06|2020|bfg03|app25|Green|14|5|2|1|FALSE|1
bf05|ac06|2020|bfg03|app26|Green|14|5|2|2|FALSE|1
bf05|ac06|2022|bfg03|app25|Green|14|5|2|1|FALSE|1
bf05|ac06|2022|bfg03|app26|Green|14|5|2|2|FALSE|1
bf05|ac07|2018|bfg03|app25|Green|14|6|2|1|FALSE|1
bf05|ac07|2018|bfg03|app26|Green|14|6|2|2|FALSE|1
bf05|ac07|2020|bfg03|app25|Green|14|6|2|1|FALSE|1
bf05|ac07|2020|bfg03|app26|Green|14|6|2|2|FALSE|1
bf05|ac07|2022|bfg03|app25|Green|14|6|2|1|FALSE|1
bf05|ac07|2022|bfg03|app26|Green|14|6|2|2|FALSE|1
bf05|ac08|2018|bfg03|app13|Green|14|7|2|1|FALSE|1
bf05|ac08|2018|bfg03|app25|Green|14|7|2|2|FALSE|1
bf05|ac08|2020|bfg03|app25|Green|14|7|2|1|FALSE|1
bf05|ac08|2020|bfg03|app26|Green|14|7|2|2|FALSE|1
bf05|ac08|2022|bfg03|app25|Green|14|7|2|1|FALSE|1
bf05|ac08|2022|bfg03|app26|Green|14|7|2|2|FALSE|1
bf05|ac09|2018|bfg03|app12|Amber|14|8|2|1|FALSE|1
bf05|ac09|2018|bfg03|app25|Green|14|8|2|2|FALSE|1
bf05|ac09|2020|bfg03|app25|Green|14|8|2|1|FALSE|1
bf05|ac09|2020|bfg03|app26|Green|14|8|2|2|FALSE|1
bf05|ac09|2022|bfg03|app25|Green|14|8|2|1|FALSE|1
bf05|ac09|2022|bfg03|app26|Green|14|8|2|2|FALSE|1
bf06|ac01|2018|bfg03|app24|Amber|13|0|1|1|FALSE|1
bf06|ac01|2020|bfg03|app27|Green|13|0|1|1|FALSE|7
bf06|ac01|2022|bfg03|app27|Green|13|0|1|1|FALSE|9
bf06|ac02|2018|bfg03|app27|Green|13|1|1|1|FALSE|6
bf06|ac02|2020|bfg03|app27|Green|13|1|1|1|TRUE|6
bf06|ac02|2022|bfg03|app27|Green|13|1|1|1|TRUE|8
bf06|ac03|2018|bfg03|app27|Green|13|2|1|1|TRUE|5
bf06|ac03|2020|bfg03|app27|Green|13|2|1|1|TRUE|5
bf06|ac03|2022|bfg03|app27|Green|13|2|1|1|TRUE|7
bf06|ac04|2018|bfg03|app27|Green|13|3|1|1|TRUE|4
bf06|ac04|2020|bfg03|app27|Green|13|3|1|1|TRUE|4
bf06|ac04|2022|bfg03|app27|Green|13|3|1|1|TRUE|6
bf06|ac05|2018|bfg03|app27|Green|13|4|1|1|TRUE|3
bf06|ac05|2020|bfg03|app27|Green|13|4|1|1|TRUE|3
bf06|ac05|2022|bfg03|app27|Green|13|4|1|1|TRUE|5
bf06|ac06|2018|bfg03|app27|Green|13|5|1|1|TRUE|2
bf06|ac06|2020|bfg03|app27|Green|13|5|1|1|TRUE|2
bf06|ac06|2022|bfg03|app27|Green|13|5|1|1|TRUE|4
bf06|ac07|2018|bfg03|app27|Green|13|6|1|1|TRUE|1
bf06|ac07|2020|bfg03|app27|Green|13|6|1|1|TRUE|1
bf06|ac07|2022|bfg03|app27|Green|13|6|1|1|TRUE|3
bf06|ac08|2018|bfg03|app13|Green|13|7|1|1|FALSE|1
bf06|ac08|2020|bfg03|app13|Amber|13|7|3|1|FALSE|1
bf06|ac08|2020|bfg03|app28|Green|13|7|3|2|FALSE|1
bf06|ac08|2020|bfg03|app28|Amber|13|7|3|3|FALSE|1
bf06|ac08|2022|bfg03|app27|Green|13|7|1|1|TRUE|2
bf06|ac09|2018|bfg03|app12|Amber|13|8|1|1|FALSE|1
bf06|ac09|2020|bfg03|app27|Green|13|8|1|1|FALSE|1
bf06|ac09|2022|bfg03|app27|Green|13|8|1|1|TRUE|1
bf07|ac01|2018|bfg03|app29|Green|12|0|1|1|FALSE|5
bf07|ac01|2020|bfg03|app29|Green|12|0|1|1|FALSE|4
bf07|ac01|2022|bfg03|app29|Amber|12|0|1|1|FALSE|7
bf07|ac02|2018|bfg03|app29|Green|12|1|1|1|TRUE|4
bf07|ac02|2020|bfg03|app29|Green|12|1|1|1|TRUE|3
bf07|ac02|2022|bfg03|app29|Amber|12|1|1|1|TRUE|6
bf07|ac03|2018|bfg03|app29|Green|12|2|1|1|TRUE|3
bf07|ac03|2020|bfg03|app29|Green|12|2|1|1|TRUE|2
bf07|ac03|2022|bfg03|app29|Amber|12|2|1|1|TRUE|5
bf07|ac04|2018|bfg03|app29|Green|12|3|1|1|TRUE|2
bf07|ac04|2020|bfg03|app29|Green|12|3|1|1|TRUE|1
bf07|ac04|2022|bfg03|app29|Amber|12|3|1|1|TRUE|4
bf07|ac05|2018|bfg03|app29|Green|12|4|2|1|FALSE|1
bf07|ac05|2018|bfg03|app29|Green|12|4|2|2|FALSE|1
bf07|ac05|2022|bfg03|app29|Amber|12|4|1|1|TRUE|3
bf07|ac06|2020|bfg03|app29|Green|12|5|1|1|FALSE|4
bf07|ac06|2022|bfg03|app29|Green|12|5|2|1|FALSE|1
bf07|ac06|2022|bfg03|app29|Amber|12|5|2|2|FALSE|1
bf07|ac07|2018|bfg03|app29|Green|12|6|1|1|FALSE|3
bf07|ac07|2020|bfg03|app29|Green|12|6|1|1|TRUE|3
bf07|ac07|2022|bfg03|app29|Amber|12|6|1|1|FALSE|1
bf07|ac08|2018|bfg03|app29|Green|12|7|1|1|TRUE|2
bf07|ac08|2020|bfg03|app29|Green|12|7|2|1|FALSE|1
bf07|ac08|2020|bfg03|app29|Amber|12|7|2|2|FALSE|1
bf07|ac09|2018|bfg03|app29|Green|12|8|1|1|TRUE|1
bf07|ac09|2020|bfg03|app29|Green|12|8|1|1|FALSE|1
bf07|ac09|2022|bfg03|app29|Amber|12|8|1|1|FALSE|1
bf08|ac01|2018|bfg03|app24|Amber|11|0|2|1|FALSE|1
bf08|ac01|2018|bfg03|app30|Green|11|0|2|2|FALSE|1
bf08|ac01|2020|bfg03|app30|Green|11|0|2|1|FALSE|1
bf08|ac01|2020|bfg03|app30|Green|11|0|2|2|FALSE|1
bf08|ac02|2018|bfg03|app14|Amber|11|1|1|1|FALSE|1
bf08|ac02|2020|bfg03|app30|Green|11|1|1|1|FALSE|7
bf08|ac02|2022|bfg03|app30|Green|11|1|1|1|FALSE|8
bf08|ac03|2018|bfg03|app14|Amber|11|2|2|1|FALSE|1
bf08|ac03|2018|bfg03|app30|Green|11|2|2|2|FALSE|1
bf08|ac03|2020|bfg03|app30|Green|11|2|1|1|TRUE|6
bf08|ac03|2022|bfg03|app30|Green|11|2|1|1|TRUE|7
bf08|ac04|2018|bfg03|app14|Amber|11|3|1|1|FALSE|1
bf08|ac04|2020|bfg03|app30|Green|11|3|1|1|TRUE|5
bf08|ac04|2022|bfg03|app30|Green|11|3|1|1|TRUE|6
bf08|ac05|2020|bfg03|app30|Green|11|4|1|1|TRUE|4
bf08|ac05|2022|bfg03|app14|Amber|11|4|2|1|FALSE|1
bf08|ac05|2022|bfg03|app30|Green|11|4|2|2|FALSE|1
bf08|ac06|2018|bfg03|app14|Amber|11|5|1|1|FALSE|2
bf08|ac06|2020|bfg03|app30|Green|11|5|1|1|TRUE|3
bf08|ac06|2022|bfg03|app30|Green|11|5|1|1|FALSE|4
bf08|ac07|2018|bfg03|app14|Amber|11|6|1|1|TRUE|1
bf08|ac07|2020|bfg03|app30|Green|11|6|1|1|TRUE|2
bf08|ac07|2022|bfg03|app30|Green|11|6|1|1|TRUE|3
bf08|ac08|2018|bfg03|app13|Green|11|7|1|1|FALSE|1
bf08|ac08|2020|bfg03|app30|Green|11|7|1|1|TRUE|1
bf08|ac08|2022|bfg03|app30|Green|11|7|1|1|TRUE|2
bf08|ac09|2018|bfg03|app12|Amber|11|8|2|1|FALSE|1
bf08|ac09|2018|bfg03|app30|Green|11|8|2|2|FALSE|1
bf08|ac09|2022|bfg03|app30|Green|11|8|1|1|TRUE|1
bf09|ac01|2018|bfg04|app11|Green|10|0|1|1|FALSE|4
bf09|ac01|2020|bfg04|app11|Green|10|0|1|1|FALSE|8
bf09|ac01|2022|bfg04|app11|Green|10|0|1|1|FALSE|9
bf09|ac02|2018|bfg04|app11|Green|10|1|1|1|TRUE|3
bf09|ac02|2020|bfg04|app11|Green|10|1|1|1|TRUE|7
bf09|ac02|2022|bfg04|app11|Green|10|1|1|1|TRUE|8
bf09|ac03|2018|bfg04|app11|Green|10|2|1|1|TRUE|2
bf09|ac03|2020|bfg04|app11|Green|10|2|1|1|TRUE|6
bf09|ac03|2022|bfg04|app11|Green|10|2|1|1|TRUE|7
bf09|ac04|2018|bfg04|app11|Green|10|3|1|1|TRUE|1
bf09|ac04|2020|bfg04|app11|Green|10|3|1|1|TRUE|5
bf09|ac04|2022|bfg04|app11|Green|10|3|1|1|TRUE|6
bf09|ac05|2018|bfg04|app14|Amber|10|4|1|1|FALSE|3
bf09|ac05|2020|bfg04|app11|Green|10|4|1|1|TRUE|4
bf09|ac05|2022|bfg04|app11|Green|10|4|1|1|TRUE|5
bf09|ac06|2018|bfg04|app14|Amber|10|5|1|1|TRUE|2
bf09|ac06|2020|bfg04|app11|Green|10|5|1|1|TRUE|3
bf09|ac06|2022|bfg04|app11|Green|10|5|1|1|TRUE|4
bf09|ac07|2018|bfg04|app14|Amber|10|6|1|1|TRUE|1
bf09|ac07|2020|bfg04|app11|Green|10|6|1|1|TRUE|2
bf09|ac07|2022|bfg04|app11|Green|10|6|1|1|TRUE|3
bf09|ac08|2018|bfg04|app13|Green|10|7|1|1|FALSE|1
bf09|ac08|2020|bfg04|app11|Green|10|7|1|1|TRUE|1
bf09|ac08|2022|bfg04|app11|Green|10|7|1|1|TRUE|2
bf09|ac09|2018|bfg04|app12|Amber|10|8|1|1|FALSE|1
bf09|ac09|2020|bfg04|app12|Amber|10|8|1|1|FALSE|1
bf09|ac09|2022|bfg04|app11|Green|10|8|1|1|TRUE|1
bf10|ac01|2018|bfg05|app11|Green|9|0|2|1|FALSE|1
bf10|ac01|2018|bfg05|app11|Green|9|0|2|2|FALSE|1
bf10|ac01|2022|bfg05|app11|Green|9|0|1|1|FALSE|4
bf10|ac02|2018|bfg05|app11|Green|9|1|1|1|FALSE|3
bf10|ac02|2020|bfg05|app11|Green|9|1|1|1|FALSE|8
bf10|ac02|2022|bfg05|app11|Green|9|1|1|1|TRUE|3
bf10|ac03|2018|bfg05|app11|Green|9|2|1|1|TRUE|2
bf10|ac03|2020|bfg05|app11|Green|9|2|1|1|TRUE|7
bf10|ac03|2022|bfg05|app11|Green|9|2|1|1|TRUE|2
bf10|ac04|2018|bfg05|app11|Green|9|3|1|1|TRUE|1
bf10|ac04|2020|bfg05|app11|Green|9|3|1|1|TRUE|6
bf10|ac04|2022|bfg05|app11|Green|9|3|1|1|TRUE|1
bf10|ac05|2020|bfg05|app11|Green|9|4|1|1|TRUE|5
bf10|ac05|2022|bfg05|app11|Green|9|4|2|1|FALSE|1
bf10|ac05|2022|bfg05|app31|Amber|9|4|2|2|FALSE|1
bf10|ac06|2018|bfg05|app31|Amber|9|5|1|1|FALSE|2
bf10|ac06|2020|bfg05|app11|Green|9|5|1|1|TRUE|4
bf10|ac06|2022|bfg05|app11|Green|9|5|1|1|FALSE|2
bf10|ac07|2018|bfg05|app31|Amber|9|6|1|1|TRUE|1
bf10|ac07|2020|bfg05|app11|Green|9|6|1|1|TRUE|3
bf10|ac07|2022|bfg05|app11|Green|9|6|1|1|TRUE|1
bf10|ac08|2018|bfg05|app13|Green|9|7|1|1|FALSE|1
bf10|ac08|2020|bfg05|app11|Green|9|7|2|1|FALSE|1
bf10|ac08|2020|bfg05|app11|Green|9|7|2|2|FALSE|1
bf10|ac09|2018|bfg05|app12|Amber|9|8|1|1|FALSE|1
bf10|ac09|2020|bfg05|app11|Green|9|8|1|1|FALSE|1
bf10|ac09|2022|bfg05|app11|Green|9|8|1|1|FALSE|1
bf11|ac01|2020|bfg05|app32|Green|8|0|1|1|FALSE|1
bf11|ac01|2022|bfg05|app32|Green|8|0|2|1|FALSE|1
bf11|ac01|2022|bfg05|app32|Green|8|0|2|2|FALSE|1
bf11|ac02|2018|bfg05|app32|Green|8|1|2|1|FALSE|1
bf11|ac02|2018|bfg05|app32|Green|8|1|2|2|FALSE|1
bf11|ac02|2022|bfg05|app32|Green|8|1|1|1|FALSE|4
bf11|ac03|2018|bfg05|app32|Green|8|2|1|1|FALSE|7
bf11|ac03|2020|bfg05|app32|Green|8|2|1|1|FALSE|7
bf11|ac03|2022|bfg05|app32|Green|8|2|1|1|TRUE|3
bf11|ac04|2018|bfg05|app32|Green|8|3|1|1|TRUE|6
bf11|ac04|2020|bfg05|app32|Green|8|3|1|1|TRUE|6
bf11|ac04|2022|bfg05|app32|Green|8|3|1|1|TRUE|2
bf11|ac05|2018|bfg05|app32|Green|8|4|1|1|TRUE|5
bf11|ac05|2020|bfg05|app32|Green|8|4|1|1|TRUE|5
bf11|ac05|2022|bfg05|app32|Green|8|4|1|1|TRUE|1
bf11|ac06|2018|bfg05|app32|Green|8|5|1|1|TRUE|4
bf11|ac06|2020|bfg05|app32|Green|8|5|2|1|FALSE|1
bf11|ac06|2020|bfg05|app32|Green|8|5|2|2|FALSE|1
bf11|ac07|2018|bfg05|app32|Green|8|6|1|1|TRUE|3
bf11|ac07|2020|bfg05|app32|Green|8|6|1|1|FALSE|3
bf11|ac07|2022|bfg05|app32|Green|8|6|1|1|FALSE|3
bf11|ac08|2018|bfg05|app32|Green|8|7|1|1|TRUE|2
bf11|ac08|2020|bfg05|app32|Green|8|7|1|1|TRUE|2
bf11|ac08|2022|bfg05|app32|Green|8|7|1|1|TRUE|2
bf11|ac09|2018|bfg05|app32|Green|8|8|1|1|TRUE|1
bf11|ac09|2020|bfg05|app32|Green|8|8|1|1|TRUE|1
bf11|ac09|2022|bfg05|app32|Green|8|8|1|1|TRUE|1
bf12|ac01|2018|bfg06|app33|Amber|7|0|1|1|FALSE|3
bf12|ac01|2020|bfg06|app11|Green|7|0|1|1|FALSE|1
bf12|ac01|2022|bfg06|app11|Green|7|0|1|1|FALSE|3
bf12|ac02|2018|bfg06|app11|Green|7|1|2|1|FALSE|1
bf12|ac02|2018|bfg06|app33|Amber|7|1|2|2|FALSE|1
bf12|ac02|2022|bfg06|app11|Green|7|1|1|1|TRUE|2
bf12|ac03|2018|bfg06|app33|Amber|7|2|1|1|FALSE|1
bf12|ac03|2020|bfg06|app11|Green|7|2|1|1|FALSE|7
bf12|ac03|2022|bfg06|app11|Green|7|2|1|1|TRUE|1
bf12|ac04|2020|bfg06|app11|Green|7|3|2|1|FALSE|1
bf12|ac04|2020|bfg06|app11|Green|7|3|2|2|FALSE|1
bf12|ac04|2022|bfg06|app33|Amber|7|3|1|1|FALSE|1
bf12|ac05|2018|bfg06|app33|Amber|7|4|1|1|FALSE|5
bf12|ac05|2020|bfg06|app11|Green|7|4|1|1|FALSE|5
bf12|ac05|2022|bfg06|app11|Green|7|4|1|1|FALSE|5
bf12|ac06|2018|bfg06|app33|Amber|7|5|1|1|TRUE|4
bf12|ac06|2020|bfg06|app11|Green|7|5|1|1|TRUE|4
bf12|ac06|2022|bfg06|app11|Green|7|5|1|1|TRUE|4
bf12|ac07|2018|bfg06|app33|Amber|7|6|1|1|TRUE|3
bf12|ac07|2020|bfg06|app11|Green|7|6|1|1|TRUE|3
bf12|ac07|2022|bfg06|app11|Green|7|6|1|1|TRUE|3
bf12|ac08|2018|bfg06|app33|Amber|7|7|1|1|TRUE|2
bf12|ac08|2020|bfg06|app11|Green|7|7|1|1|TRUE|2
bf12|ac08|2022|bfg06|app11|Green|7|7|1|1|TRUE|2
bf12|ac09|2018|bfg06|app33|Amber|7|8|1|1|TRUE|1
bf12|ac09|2020|bfg06|app11|Green|7|8|1|1|TRUE|1
bf12|ac09|2022|bfg06|app11|Green|7|8|1|1|TRUE|1
bf13|ac01|2018|bfg06|#N/A|White|6|0|1|1|FALSE|9
bf13|ac01|2022|bfg06|#N/A|White|6|0|2|1|FALSE|1
bf13|ac01|2022|bfg06|#N/A|White|6|0|2|2|FALSE|1
bf13|ac02|2018|bfg06|#N/A|White|6|1|1|1|TRUE|8
bf13|ac02|2020|bfg06|#N/A|White|6|1|1|1|FALSE|8
bf13|ac02|2022|bfg06|#N/A|White|6|1|1|1|FALSE|7
bf13|ac03|2018|bfg06|#N/A|White|6|2|1|1|TRUE|7
bf13|ac03|2020|bfg06|#N/A|White|6|2|1|1|TRUE|7
bf13|ac03|2022|bfg06|#N/A|White|6|2|1|1|TRUE|6
bf13|ac04|2018|bfg06|#N/A|White|6|3|1|1|TRUE|6
bf13|ac04|2020|bfg06|#N/A|White|6|3|1|1|TRUE|6
bf13|ac04|2022|bfg06|#N/A|White|6|3|1|1|TRUE|5
bf13|ac05|2018|bfg06|#N/A|White|6|4|1|1|TRUE|5
bf13|ac05|2020|bfg06|#N/A|White|6|4|1|1|TRUE|5
bf13|ac05|2022|bfg06|#N/A|White|6|4|1|1|TRUE|4
bf13|ac06|2018|bfg06|#N/A|White|6|5|1|1|TRUE|4
bf13|ac06|2020|bfg06|#N/A|White|6|5|1|1|TRUE|4
bf13|ac06|2022|bfg06|#N/A|White|6|5|1|1|TRUE|3
bf13|ac07|2018|bfg06|#N/A|White|6|6|1|1|TRUE|3
bf13|ac07|2020|bfg06|#N/A|White|6|6|1|1|TRUE|3
bf13|ac07|2022|bfg06|#N/A|White|6|6|1|1|TRUE|2
bf13|ac08|2018|bfg06|#N/A|White|6|7|1|1|TRUE|2
bf13|ac08|2020|bfg06|#N/A|White|6|7|1|1|TRUE|2
bf13|ac08|2022|bfg06|#N/A|White|6|7|1|1|TRUE|1
bf13|ac09|2018|bfg06|#N/A|White|6|8|1|1|TRUE|1
bf13|ac09|2020|bfg06|#N/A|White|6|8|2|1|FALSE|1
bf13|ac09|2020|bfg06|#N/A|White|6|8|2|2|FALSE|1
bf14|ac01|2018|bfg07|app20|Green|5|0|1|1|FALSE|2
bf14|ac01|2020|bfg07|app20|Green|5|0|1|1|FALSE|9
bf14|ac01|2022|bfg07|app24|Amber|5|0|1|1|FALSE|1
bf14|ac02|2018|bfg07|app14|Amber|5|1|2|1|FALSE|1
bf14|ac02|2018|bfg07|app20|Green|5|1|2|2|FALSE|1
bf14|ac02|2020|bfg07|app20|Green|5|1|1|1|TRUE|8
bf14|ac03|2018|bfg07|app14|Amber|5|2|1|1|FALSE|3
bf14|ac03|2020|bfg07|app20|Green|5|2|2|1|FALSE|1
bf14|ac03|2020|bfg07|app20|Green|5|2|2|2|FALSE|1
bf14|ac04|2018|bfg07|app14|Amber|5|3|1|1|TRUE|2
bf14|ac04|2020|bfg07|app20|Green|5|3|2|1|FALSE|1
bf14|ac04|2020|bfg07|app20|Green|5|3|2|2|FALSE|1
bf14|ac05|2018|bfg07|app14|Amber|5|4|1|1|TRUE|1
bf14|ac05|2020|bfg07|app20|Green|5|4|2|1|FALSE|1
bf14|ac05|2020|bfg07|app20|Green|5|4|2|2|FALSE|1
bf14|ac06|2018|bfg07|app14|Amber|5|5|2|1|FALSE|1
bf14|ac06|2018|bfg07|app20|Green|5|5|2|2|FALSE|1
bf14|ac06|2020|bfg07|app20|Green|5|5|1|1|FALSE|4
bf14|ac07|2018|bfg07|app14|Amber|5|6|2|1|FALSE|1
bf14|ac07|2018|bfg07|app20|Green|5|6|2|2|FALSE|1
bf14|ac07|2020|bfg07|app20|Green|5|6|1|1|TRUE|3
bf14|ac08|2018|bfg07|app13|Green|5|7|2|1|FALSE|1
bf14|ac08|2018|bfg07|app20|Green|5|7|2|2|FALSE|1
bf14|ac08|2020|bfg07|app20|Green|5|7|1|1|TRUE|2
bf14|ac09|2018|bfg07|app12|Amber|5|8|2|1|FALSE|1
bf14|ac09|2018|bfg07|app20|Green|5|8|2|2|FALSE|1
bf14|ac09|2020|bfg07|app20|Green|5|8|1|1|TRUE|1
bf15|ac01|2022|bfg07|app34|Green|4|0|2|1|FALSE|1
bf15|ac01|2022|bfg07|app34|Green|4|0|2|2|FALSE|1
bf15|ac02|2020|bfg07|app34|Green|4|1|1|1|FALSE|4
bf15|ac02|2022|bfg07|app34|Green|4|1|2|1|FALSE|1
bf15|ac02|2022|bfg07|app34|Green|4|1|2|2|FALSE|1
bf15|ac03|2020|bfg07|app34|Green|4|2|1|1|TRUE|3
bf15|ac03|2022|bfg07|app34|Green|4|2|2|1|FALSE|1
bf15|ac03|2022|bfg07|app34|Green|4|2|2|2|FALSE|1
bf15|ac04|2020|bfg07|app34|Green|4|3|1|1|TRUE|2
bf15|ac04|2022|bfg07|app34|Green|4|3|2|1|FALSE|1
bf15|ac04|2022|bfg07|app34|Green|4|3|2|2|FALSE|1
bf15|ac05|2020|bfg07|app34|Green|4|4|2|1|FALSE|1
bf15|ac05|2020|bfg07|app34|Green|4|4|2|2|FALSE|1
bf15|ac05|2022|bfg07|app34|Green|4|4|1|1|FALSE|5
bf15|ac06|2022|bfg07|app34|Green|4|5|2|1|FALSE|1
bf15|ac06|2022|bfg07|app34|Green|4|5|2|2|FALSE|1
bf15|ac07|2020|bfg07|app34|Green|4|6|1|1|FALSE|1
bf15|ac07|2022|bfg07|app34|Green|4|6|2|1|FALSE|1
bf15|ac07|2022|bfg07|app34|Green|4|6|2|2|FALSE|1
bf15|ac08|2022|bfg07|app34|Green|4|7|2|1|FALSE|1
bf15|ac08|2022|bfg07|app34|Green|4|7|2|2|FALSE|1
bf15|ac09|2022|bfg07|app34|Green|4|8|2|1|FALSE|1
bf15|ac09|2022|bfg07|app34|Green|4|8|2|2|FALSE|1
bf16|ac01|2018|bfg07|app24|Green|3|0|2|1|FALSE|1
bf16|ac01|2018|bfg07|app24|Green|3|0|2|2|FALSE|1
bf16|ac01|2022|bfg07|app24|Green|3|0|1|1|FALSE|6
bf16|ac02|2018|bfg07|app24|Green|3|1|1|1|FALSE|7
bf16|ac02|2020|bfg07|app24|Green|3|1|1|1|FALSE|8
bf16|ac02|2022|bfg07|app24|Green|3|1|1|1|TRUE|5
bf16|ac03|2018|bfg07|app24|Green|3|2|1|1|TRUE|6
bf16|ac03|2020|bfg07|app24|Green|3|2|1|1|TRUE|7
bf16|ac03|2022|bfg07|app24|Green|3|2|1|1|TRUE|4
bf16|ac04|2018|bfg07|app24|Green|3|3|1|1|TRUE|5
bf16|ac04|2020|bfg07|app24|Green|3|3|1|1|TRUE|6
bf16|ac04|2022|bfg07|app24|Green|3|3|1|1|TRUE|3
bf16|ac05|2018|bfg07|app24|Green|3|4|1|1|TRUE|4
bf16|ac05|2020|bfg07|app24|Green|3|4|1|1|TRUE|5
bf16|ac05|2022|bfg07|app24|Green|3|4|1|1|TRUE|2
bf16|ac06|2018|bfg07|app24|Green|3|5|1|1|TRUE|3
bf16|ac06|2020|bfg07|app24|Green|3|5|1|1|TRUE|4
bf16|ac06|2022|bfg07|app24|Green|3|5|1|1|TRUE|1
bf16|ac07|2018|bfg07|app24|Green|3|6|1|1|TRUE|2
bf16|ac07|2020|bfg07|app24|Green|3|6|2|1|FALSE|1
bf16|ac07|2020|bfg07|app24|Green|3|6|2|2|FALSE|1
bf16|ac08|2018|bfg07|app24|Green|3|7|1|1|TRUE|1
bf16|ac08|2020|bfg07|app24|Green|3|7|1|1|FALSE|2
bf16|ac08|2022|bfg07|app24|Green|3|7|1|1|FALSE|2
bf16|ac09|2020|bfg07|app24|Green|3|8|1|1|TRUE|1
bf16|ac09|2022|bfg07|app24|Green|3|8|2|1|FALSE|1
bf16|ac09|2022|bfg07|app24|Green|3|8|2|2|FALSE|1
bf17|ac01|2020|bfg08|app35|Green|2|0|2|1|FALSE|1
bf17|ac01|2020|bfg08|app36|Green|2|0|2|2|FALSE|1
bf17|ac01|2022|bfg08|app22|Amber|2|0|3|1|FALSE|1
bf17|ac01|2022|bfg08|app35|Green|2|0|3|2|FALSE|1
bf17|ac01|2022|bfg08|app36|Green|2|0|3|3|FALSE|1
bf17|ac02|2018|bfg08|app14|Amber|2|1|1|1|FALSE|2
bf17|ac02|2020|bfg08|app35|Green|2|1|2|1|FALSE|1
bf17|ac02|2020|bfg08|app36|Green|2|1|2|2|FALSE|1
bf17|ac02|2022|bfg08|app35|Green|2|1|2|1|FALSE|1
bf17|ac02|2022|bfg08|app36|Green|2|1|2|2|FALSE|1
bf17|ac03|2018|bfg08|app14|Amber|2|2|1|1|TRUE|1
bf17|ac03|2020|bfg08|app35|Green|2|2|2|1|FALSE|1
bf17|ac03|2020|bfg08|app36|Green|2|2|2|2|FALSE|1
bf17|ac03|2022|bfg08|app35|Green|2|2|2|1|FALSE|1
bf17|ac03|2022|bfg08|app36|Green|2|2|2|2|FALSE|1
bf17|ac04|2018|bfg08|app14|Amber|2|3|2|1|FALSE|1
bf17|ac04|2018|bfg08|app35|Green|2|3|2|2|FALSE|1
bf17|ac04|2020|bfg08|app36|Green|2|3|1|1|FALSE|6
bf17|ac04|2022|bfg08|app35|Green|2|3|2|1|FALSE|1
bf17|ac04|2022|bfg08|app36|Green|2|3|2|2|FALSE|1
bf17|ac05|2018|bfg08|app14|Amber|2|4|1|1|FALSE|3
bf17|ac05|2020|bfg08|app35|Green|2|4|2|1|FALSE|1
bf17|ac05|2020|bfg08|app36|Green|2|4|2|2|FALSE|1
bf17|ac05|2022|bfg08|app35|Green|2|4|2|1|FALSE|1
bf17|ac05|2022|bfg08|app36|Green|2|4|2|2|FALSE|1
bf17|ac06|2018|bfg08|app14|Amber|2|5|1|1|TRUE|2
bf17|ac06|2020|bfg08|app35|Green|2|5|2|1|FALSE|1
bf17|ac06|2020|bfg08|app36|Green|2|5|2|2|FALSE|1
bf17|ac06|2022|bfg08|app35|Green|2|5|2|1|FALSE|1
bf17|ac06|2022|bfg08|app36|Green|2|5|2|2|FALSE|1
bf17|ac07|2018|bfg08|app14|Amber|2|6|1|1|TRUE|1
bf17|ac07|2020|bfg08|app35|Green|2|6|2|1|FALSE|1
bf17|ac07|2020|bfg08|app36|Green|2|6|2|2|FALSE|1
bf17|ac07|2022|bfg08|app35|Green|2|6|2|1|FALSE|1
bf17|ac07|2022|bfg08|app36|Green|2|6|2|2|FALSE|1
bf17|ac08|2018|bfg08|app13|Amber|2|7|1|1|FALSE|1
bf17|ac08|2020|bfg08|app35|Green|2|7|3|1|FALSE|1
bf17|ac08|2020|bfg08|app35|Green|2|7|3|2|FALSE|1
bf17|ac08|2020|bfg08|app36|Green|2|7|3|3|FALSE|1
bf17|ac08|2022|bfg08|app36|Green|2|7|1|1|FALSE|2
bf17|ac09|2018|bfg08|app12|Amber|2|8|1|1|FALSE|1
bf17|ac09|2020|bfg08|app35|Green|2|8|2|1|FALSE|1
bf17|ac09|2020|bfg08|app36|Green|2|8|2|2|FALSE|1
bf17|ac09|2022|bfg08|app35|Green|2|8|2|1|FALSE|1
bf17|ac09|2022|bfg08|app36|Green|2|8|2|2|FALSE|1
bf18|ac01|2018|bfg08|app35|Green|1|0|2|1|FALSE|1
bf18|ac01|2018|bfg08|app37|Amber|1|0|2|2|FALSE|1
bf18|ac01|2020|bfg08|app35|Green|1|0|1|1|FALSE|8
bf18|ac01|2022|bfg08|app35|Green|1|0|1|1|FALSE|4
bf18|ac02|2018|bfg08|app35|Green|1|1|2|1|FALSE|1
bf18|ac02|2018|bfg08|app37|Amber|1|1|2|2|FALSE|1
bf18|ac02|2020|bfg08|app35|Green|1|1|1|1|TRUE|7
bf18|ac02|2022|bfg08|app35|Green|1|1|1|1|TRUE|3
bf18|ac03|2018|bfg08|app35|Green|1|2|2|1|FALSE|1
bf18|ac03|2018|bfg08|app37|Amber|1|2|2|2|FALSE|1
bf18|ac03|2020|bfg08|app35|Green|1|2|1|1|TRUE|6
bf18|ac03|2022|bfg08|app35|Green|1|2|1|1|TRUE|2
bf18|ac04|2018|bfg08|app35|Green|1|3|2|1|FALSE|1
bf18|ac04|2018|bfg08|app37|Amber|1|3|2|2|FALSE|1
bf18|ac04|2020|bfg08|app35|Green|1|3|1|1|TRUE|5
bf18|ac04|2022|bfg08|app35|Green|1|3|1|1|TRUE|1
bf18|ac05|2018|bfg08|app35|Green|1|4|2|1|FALSE|1
bf18|ac05|2018|bfg08|app37|Amber|1|4|2|2|FALSE|1
bf18|ac05|2020|bfg08|app35|Green|1|4|2|1|FALSE|1
bf18|ac05|2020|bfg08|app35|Green|1|4|2|2|FALSE|1
bf18|ac06|2018|bfg08|app37|Amber|1|5|1|1|FALSE|4
bf18|ac06|2020|bfg08|app35|Green|1|5|1|1|FALSE|3
bf18|ac06|2022|bfg08|app35|Green|1|5|2|1|FALSE|1
bf18|ac06|2022|bfg08|app35|Green|1|5|2|2|FALSE|1
bf18|ac07|2018|bfg08|app35|Green|1|6|2|1|FALSE|1
bf18|ac07|2018|bfg08|app37|Amber|1|6|2|2|FALSE|1
bf18|ac07|2020|bfg08|app35|Green|1|6|1|1|TRUE|2
bf18|ac07|2022|bfg08|app35|Green|1|6|1|1|FALSE|3
bf18|ac08|2018|bfg08|app35|Green|1|7|2|1|FALSE|1
bf18|ac08|2018|bfg08|app37|Amber|1|7|2|2|FALSE|1
bf18|ac08|2020|bfg08|app35|Green|1|7|1|1|TRUE|1
bf18|ac08|2022|bfg08|app35|Green|1|7|1|1|TRUE|2
bf18|ac09|2018|bfg08|app35|Green|1|8|3|1|FALSE|1
bf18|ac09|2018|bfg08|app35|Green|1|8|3|2|FALSE|1
bf18|ac09|2018|bfg08|app37|Amber|1|8|3|3|FALSE|1
bf18|ac09|2022|bfg08|app35|Green|1|8|1|1|TRUE|1
bf19|ac01|2022|bfg08|app38|Green|0|0|2|1|FALSE|1
bf19|ac01|2022|bfg08|app38|Green|0|0|2|2|FALSE|1
bf19|ac02|2020|bfg08|app38|Green|0|1|1|1|FALSE|8
bf19|ac02|2022|bfg08|app36|Green|0|1|2|1|FALSE|1
bf19|ac02|2022|bfg08|app38|Green|0|1|2|2|FALSE|1
bf19|ac03|2020|bfg08|app38|Green|0|2|1|1|TRUE|7
bf19|ac03|2022|bfg08|app38|Green|0|2|1|1|FALSE|5
bf19|ac04|2020|bfg08|app38|Green|0|3|1|1|TRUE|6
bf19|ac04|2022|bfg08|app38|Green|0|3|1|1|TRUE|4
bf19|ac05|2020|bfg08|app38|Green|0|4|1|1|TRUE|5
bf19|ac05|2022|bfg08|app38|Green|0|4|1|1|TRUE|3
bf19|ac06|2020|bfg08|app38|Green|0|5|1|1|TRUE|4
bf19|ac06|2022|bfg08|app38|Green|0|5|1|1|TRUE|2
bf19|ac07|2020|bfg08|app38|Green|0|6|1|1|TRUE|3
bf19|ac07|2022|bfg08|app38|Green|0|6|1|1|TRUE|1
bf19|ac08|2020|bfg08|app38|Green|0|7|2|1|FALSE|1
bf19|ac08|2020|bfg08|app38|Green|0|7|2|2|FALSE|1
bf19|ac09|2020|bfg08|app38|Green|0|8|1|1|FALSE|1
bf19|ac09|2022|bfg08|app38|Green|0|8|1|1|FALSE|1
